{
  "pinn_tanh": {
    "lr": 0.0015971007060979758,
    "width": 128,
    "depth": 2,
    "w_b": 41.274401885977184
  },
  "pinn_gelu": {
    "lr": 0.002019843563625832,
    "width": 128,
    "depth": 2,
    "w_b": 15.121965153514909
  },
  "siren": {
    "lr": 3.33622846335514e-05,
    "width": 128,
    "depth": 3,
    "w_b": 41.06971603119248,
    "omega_0": 11.309869569339785
  },
  "fourier": {
    "lr": 0.0002301170677657552,
    "width": 100,
    "depth": 4,
    "w_b": 1.6885352883602422,
    "n_fourier": 256,
    "sigma": 8.85367699423395
  },
  "hardbc": {
    "lr": 0.0037300963614955176,
    "width": 64,
    "depth": 3,
    "w_b": 1.2011850726181181
  }
}
